,Datetime
0,2023-04-15 18:54:48
1,2024-08-06 04:16:23
2,2023-09-26 19:09:58
3,2023-04-16 11:04:49
4,2024-03-12 15:21:24
5,2023-08-20 09:19:25
6,2024-07-29 09:03:23
7,2024-08-22 15:28:52
8,2024-03-14 12:11:28
9,2024-04-05 14:08:06
10,2024-12-27 16:51:46
11,2023-08-25 09:41:54
12,2024-07-06 07:52:44
13,2024-09-14 21:35:39
14,2024-07-11 02:02:53
15,2024-06-20 11:35:54
16,2023-06-03 19:30:33
17,2024-05-11 20:23:13
18,2024-07-28 23:57:03
19,2023-09-03 17:59:10
20,2023-02-26 16:49:35
21,2023-03-18 11:56:18
22,2023-06-18 14:00:17
23,2024-07-05 20:57:05
24,2023-08-26 10:15:42
25,2023-06-24 11:17:18
26,2024-08-08 22:25:55
27,2024-12-15 09:01:30
28,2023-08-25 17:59:30
29,2023-01-06 14:52:49
30,2023-04-17 14:14:16
31,2024-03-01 12:43:47
32,2023-05-26 15:59:56
33,2024-08-25 17:47:28
34,2023-08-18 15:42:37
35,2024-05-03 13:56:14
36,2023-09-15 11:08:29
37,2023-09-02 09:13:37
38,2024-07-23 15:29:27
39,2024-10-22 12:42:39
40,2024-01-20 13:48:56
41,2024-06-21 11:09:53
42,2023-12-29 15:22:56
43,2024-06-14 11:06:48
44,2024-01-04 11:22:43
45,2024-01-13 12:51:09
46,2023-07-08 03:58:11
47,2023-08-20 14:31:01
48,2024-06-17 17:21:59
49,2023-08-18 09:46:51
50,2023-11-06 17:49:45
51,2024-05-30 11:39:24
52,2024-03-02 10:25:17
53,2023-03-23 11:05:22
54,2023-02-11 06:24:42
55,2023-06-25 10:06:02
56,2024-07-14 17:30:22
57,2023-11-11 19:48:38
58,2023-04-28 15:02:32
59,2023-07-22 04:08:37
60,2024-07-11 17:12:19
61,2024-06-28 13:26:39
62,2024-08-23 14:12:23
63,2024-02-17 09:27:47
64,2024-07-06 15:06:56
65,2023-07-17 06:27:01
66,2023-06-11 10:20:49
67,2024-06-30 14:20:06
68,2024-07-06 20:59:37
69,2024-05-29 10:50:48
70,2024-08-25 07:52:35
71,2023-03-12 12:13:23
72,2023-06-29 10:40:26
73,2024-08-09 07:56:48
74,2023-06-23 13:58:41
75,2023-03-25 21:03:13
76,2023-12-22 15:42:55
77,2023-03-18 15:40:27
78,2024-06-16 15:03:41
79,2024-08-17 18:00:14
80,2023-09-15 09:44:22
81,2023-07-02 11:14:39
82,2024-07-20 13:45:15
83,2024-12-08 21:27:08
84,2024-06-14 10:43:02
85,2024-09-08 11:03:09
86,2023-06-11 16:03:10
87,2023-06-02 16:29:25
88,2024-02-24 16:21:40
89,2024-02-25 19:40:25
90,2024-06-21 08:37:21
91,2023-05-16 16:08:52
92,2024-08-03 17:09:11
93,2023-08-28 05:26:48
94,2023-07-03 06:28:29
95,2024-07-27 04:31:33
96,2024-08-24 09:06:50
97,2024-06-14 21:50:52
98,2024-09-01 09:50:58
99,2024-03-15 17:09:43
100,2024-07-18 11:29:24
101,2024-07-04 18:31:51
102,2023-07-01 07:39:38
103,2023-10-07 16:23:12
104,2024-06-09 15:38:29
105,2023-10-13 14:23:19
106,2024-11-07 07:31:14
107,2023-10-07 17:41:44
108,2024-05-27 19:29:09
109,2023-04-29 10:45:21
110,2023-04-09 12:56:56
111,2024-08-30 16:39:32
112,2024-06-28 08:17:12
113,2023-11-10 04:08:53
114,2024-09-15 15:08:54
115,2024-07-26 18:35:45
116,2023-09-23 16:47:13
117,2023-07-22 18:52:11
118,2023-08-01 07:52:56
119,2024-09-26 12:01:17
120,2023-07-22 11:55:43
121,2023-07-21 09:23:16
122,2024-05-06 08:24:19
123,2024-04-26 20:42:53
124,2023-07-19 19:02:33
125,2023-08-08 17:27:18
126,2023-10-28 08:55:51
127,2023-09-03 15:43:54
128,2024-03-12 05:30:38
129,2024-08-03 12:45:34
130,2024-10-04 09:13:28
131,2023-04-08 11:42:30
132,2023-07-30 04:02:38
133,2023-10-26 15:04:17
134,2024-07-15 11:58:48
135,2024-06-09 15:00:30
136,2024-09-05 14:16:40
137,2023-08-06 09:59:14
138,2024-12-14 18:12:45
139,2023-11-30 10:14:17
140,2024-07-19 07:36:01
141,2024-12-04 06:48:00
142,2023-12-26 13:58:41
143,2024-05-17 09:06:55
144,2023-07-09 20:28:23
145,2023-08-22 14:35:35
146,2024-03-15 14:09:51
147,2023-05-21 10:41:53
148,2024-05-19 19:05:31
149,2024-05-17 14:05:33
150,2024-09-17 19:51:31
151,2023-04-07 08:30:59
152,2023-04-25 10:39:17
153,2023-05-18 05:58:55
154,2023-04-28 12:48:15
155,2024-10-05 18:57:02
156,2023-12-15 12:49:49
157,2023-07-08 19:40:23
158,2024-09-02 10:03:08
159,2023-05-28 16:35:18
160,2023-07-22 13:14:48
161,2023-10-27 20:28:00
162,2024-05-31 18:46:41
163,2024-08-03 18:23:45
164,2024-06-15 07:52:46
165,2023-10-27 15:06:34
166,2024-05-04 16:54:20
167,2024-01-14 21:32:21
168,2024-07-06 15:28:41
169,2024-07-18 14:13:45
170,2023-02-18 11:17:24
171,2023-10-29 16:42:46
172,2024-10-05 11:58:32
173,2024-02-05 18:06:39
174,2024-07-05 10:57:54
175,2023-09-09 20:27:38
176,2024-03-14 16:41:51
177,2024-10-27 21:25:15
178,2023-10-01 15:07:40
179,2024-07-21 22:32:33
180,2023-09-15 08:00:03
181,2023-08-04 20:31:15
182,2024-03-29 16:28:27
183,2023-07-30 14:08:44
184,2024-03-08 16:43:51
185,2024-04-30 23:30:39
186,2023-08-31 06:26:31
187,2023-08-04 15:44:03
188,2024-08-23 07:57:59
189,2023-10-28 14:54:13
190,2024-04-20 15:03:24
191,2023-08-11 14:25:09
192,2024-11-13 13:17:47
193,2024-03-03 13:37:16
194,2024-10-18 11:25:03
195,2024-08-08 08:49:56
196,2023-05-08 18:31:24
197,2023-11-19 19:59:37
198,2023-11-11 18:52:22
199,2024-07-14 12:37:25
200,2024-07-07 11:48:19
201,2024-01-16 19:25:49
202,2024-03-17 15:02:03
203,2024-08-29 19:19:14
204,2024-04-20 11:39:44
205,2023-06-17 04:49:56
206,2024-05-31 08:41:00
207,2024-08-23 12:02:50
208,2024-09-13 09:26:23
209,2023-06-02 10:30:01
210,2024-07-25 00:15:56
211,2023-09-21 16:21:12
212,2024-11-01 22:40:00
213,2024-08-25 09:05:49
214,2023-01-02 11:51:54
215,2024-07-13 17:03:37
216,2024-01-18 07:35:25
217,2023-06-16 09:27:57
218,2024-09-10 09:39:40
219,2024-07-05 13:16:14
220,2024-07-07 20:57:45
221,2023-07-28 14:26:48
222,2024-11-10 15:54:53
223,2024-06-23 11:30:50
224,2024-12-05 16:35:57
225,2023-01-22 09:41:41
226,2024-10-18 20:32:03
227,2023-07-28 21:15:58
228,2024-04-29 19:22:37
229,2024-02-29 14:03:18
230,2024-03-29 21:25:19
231,2023-01-02 07:10:36
232,2023-10-07 22:51:41
233,2024-09-20 11:29:13
234,2024-09-13 12:07:03
235,2024-02-02 18:39:52
236,2024-02-09 16:31:22
237,2024-04-27 17:34:40
238,2024-01-12 14:30:56
239,2024-07-05 02:32:31
240,2023-08-18 04:53:53
241,2024-10-21 11:21:25
242,2023-04-13 09:42:02
243,2024-06-12 06:38:06
244,2023-07-28 18:25:10
245,2024-12-13 09:44:06
246,2023-09-29 12:30:51
247,2023-05-27 11:12:31
248,2024-06-09 15:27:31
249,2024-07-04 12:46:24
250,2024-12-14 16:22:49
251,2024-05-08 14:46:21
252,2023-08-20 09:45:49
253,2024-07-19 19:48:48
254,2023-10-07 10:51:04
255,2023-10-20 17:47:16
256,2024-03-15 18:55:19
257,2023-03-11 04:39:10
258,2024-08-03 18:55:27
259,2023-07-03 11:31:33
260,2024-08-28 23:18:21
261,2023-04-15 09:29:02
262,2024-01-20 17:58:57
263,2023-12-14 11:08:44
264,2023-10-28 13:10:20
265,2023-03-24 08:53:20
266,2024-08-16 13:25:29
267,2024-06-06 20:29:15
268,2023-03-04 18:51:12
269,2024-07-23 19:50:24
270,2024-06-23 22:33:21
271,2024-05-31 14:10:50
272,2024-05-08 16:22:30
273,2024-03-22 14:54:54
274,2023-08-11 16:15:50
275,2024-12-20 10:28:04
276,2023-10-04 15:11:37
277,2023-06-23 15:11:03
278,2023-01-15 14:21:54
279,2023-03-10 15:27:01
280,2024-08-24 11:29:12
281,2024-06-23 12:06:39
282,2024-07-04 15:08:01
283,2024-03-17 18:58:47
284,2024-08-31 18:19:02
285,2024-04-11 13:32:07
286,2023-08-17 11:49:54
287,2024-06-21 20:45:32
288,2024-06-02 04:01:13
289,2023-09-11 09:02:20
290,2024-06-22 11:52:56
291,2024-06-16 14:21:15
292,2024-12-20 07:21:40
293,2024-03-08 12:18:55
294,2023-09-15 10:00:49
295,2024-01-24 10:02:19
296,2023-03-11 13:46:06
297,2023-06-22 22:13:56
298,2023-10-05 08:26:43
299,2023-09-08 14:47:10
300,2024-09-01 07:10:26
301,2023-09-17 22:04:33
302,2024-11-06 23:39:50
303,2024-08-12 11:09:23
304,2024-04-05 12:33:52
305,2024-04-13 16:20:03
306,2023-06-18 17:41:27
307,2024-10-02 21:26:03
308,2023-08-25 17:07:34
309,2024-07-18 16:57:05
310,2023-08-04 11:09:24
311,2024-06-16 18:32:15
312,2024-10-24 12:10:30
313,2024-01-13 11:08:59
314,2023-09-23 12:41:26
315,2023-07-20 21:19:19
316,2024-10-27 13:47:37
317,2023-07-28 08:54:16
318,2023-08-22 11:34:52
319,2024-06-19 10:27:51
320,2024-09-03 11:05:49
321,2023-07-15 21:51:56
322,2024-07-06 16:40:19
323,2024-04-07 11:45:13
324,2024-03-29 15:36:39
325,2023-10-21 09:12:26
326,2024-06-28 23:17:57
327,2024-04-14 13:45:55
328,2023-02-11 09:19:36
329,2024-10-13 17:48:54
330,2023-03-05 09:18:10
331,2024-11-01 13:12:14
332,2024-08-02 12:04:49
333,2024-09-22 18:50:57
334,2023-05-13 18:56:29
335,2024-06-07 17:14:20
336,2024-01-28 11:17:56
337,2024-08-23 15:28:02
338,2024-06-02 11:26:26
339,2024-07-07 16:17:04
340,2024-11-22 22:55:23
341,2023-09-17 08:35:40
342,2024-08-30 17:23:01
343,2024-04-13 20:28:12
344,2024-06-21 04:03:53
345,2024-05-29 10:33:27
346,2023-07-15 20:59:07
347,2023-04-20 12:48:21
348,2023-07-08 16:34:49
349,2023-11-23 09:19:48
350,2023-08-04 14:36:30
351,2023-08-13 15:27:27
352,2023-07-07 19:38:57
353,2023-11-30 23:43:37
354,2024-08-09 17:04:40
355,2023-01-18 13:06:22
356,2023-09-22 15:53:41
357,2023-08-11 15:32:46
358,2024-08-23 08:21:38
359,2023-07-07 20:57:44
360,2024-08-25 19:40:12
361,2023-03-21 20:43:55
362,2024-12-20 11:49:59
363,2024-12-18 12:30:32
364,2023-06-23 18:48:28
365,2023-06-08 14:25:28
366,2023-01-24 17:40:34
367,2023-10-01 21:21:13
368,2023-06-03 16:07:35
369,2024-09-29 15:21:58
370,2023-03-06 22:36:08
371,2023-09-07 13:52:54
372,2024-09-15 09:42:09
373,2024-07-06 23:04:39
374,2024-05-06 12:46:56
375,2023-02-05 18:39:10
376,2024-04-10 20:40:46
377,2024-09-05 14:19:37
378,2024-05-03 14:47:35
379,2024-06-15 16:22:09
380,2023-11-04 15:11:05
381,2024-05-12 13:47:31
382,2024-12-01 17:27:44
383,2023-07-01 16:47:31
384,2024-04-20 17:16:35
385,2024-01-07 20:29:01
386,2024-04-19 18:13:23
387,2024-07-25 12:11:10
388,2024-02-16 12:35:59
389,2023-06-23 08:16:46
390,2023-07-01 15:29:37
391,2024-03-15 10:45:10
392,2023-07-14 16:48:41
393,2024-09-27 15:18:02
394,2024-06-27 15:04:53
395,2024-08-26 10:22:02
396,2023-12-03 22:44:46
397,2024-07-27 18:10:01
398,2024-07-19 05:32:58
399,2024-01-02 19:13:42
400,2024-06-20 04:40:18
401,2023-04-03 11:59:24
402,2024-04-07 08:45:42
403,2024-08-03 13:23:37
404,2024-12-28 16:13:49
405,2024-08-16 13:14:56
406,2023-11-25 17:15:03
407,2023-04-29 16:01:11
408,2023-07-06 10:11:52
409,2024-09-21 18:16:53
410,2023-10-03 07:29:27
411,2024-09-19 23:04:42
412,2023-07-29 16:59:38
413,2023-06-24 18:43:13
414,2023-12-16 14:29:08
415,2024-07-25 17:20:08
416,2023-07-21 21:31:41
417,2024-11-28 20:56:20
418,2024-10-19 17:14:42
419,2024-11-16 16:19:03
420,2024-07-28 14:49:00
421,2024-05-31 17:15:59
422,2024-05-09 18:48:01
423,2024-05-10 21:10:30
424,2024-08-13 20:00:18
425,2023-07-09 08:21:52
426,2024-06-14 14:09:53
427,2023-08-16 19:11:45
428,2024-11-22 18:35:43
429,2024-06-25 20:42:11
430,2024-10-12 17:13:15
431,2023-09-02 18:36:00
432,2024-11-01 13:07:08
433,2023-05-21 21:33:53
434,2023-02-08 14:04:59
435,2024-07-19 15:28:22
436,2023-08-16 17:30:33
437,2024-12-08 15:26:39
438,2024-05-04 10:35:07
439,2023-09-12 20:41:47
440,2023-08-25 14:56:41
441,2024-06-28 15:20:23
442,2024-09-07 11:22:55
443,2024-06-22 21:36:36
444,2023-09-21 09:36:36
445,2024-07-12 09:25:33
446,2024-01-20 17:43:21
447,2023-05-05 15:54:28
448,2024-08-02 09:52:58
449,2024-10-22 21:47:31
450,2024-01-06 22:41:29
451,2024-07-07 19:47:27
452,2024-05-18 10:11:27
453,2023-01-21 14:41:46
454,2024-01-12 20:32:35
455,2024-10-04 19:55:26
456,2024-05-11 09:47:55
457,2024-10-24 21:34:05
458,2024-07-03 17:30:40
459,2024-09-15 08:06:15
460,2024-06-07 13:06:20
461,2023-05-27 08:23:41
462,2024-07-20 09:06:24
463,2024-10-20 14:50:44
464,2024-05-14 04:54:39
465,2024-08-16 20:08:18
466,2024-07-10 08:32:26
467,2023-11-27 13:55:41
468,2024-08-02 16:51:58
469,2023-12-09 14:04:13
470,2023-04-23 12:01:27
471,2024-10-29 18:02:11
472,2024-03-15 11:36:19
473,2023-09-09 12:59:37
474,2023-08-27 13:25:59
475,2023-05-12 16:47:58
476,2023-08-04 16:36:58
477,2024-08-24 19:42:37
478,2023-03-30 15:19:03
479,2024-09-19 08:15:37
480,2024-08-06 06:28:07
481,2024-09-15 18:42:41
482,2023-03-17 21:00:08
483,2024-09-13 10:25:54
484,2024-06-15 09:47:43
485,2023-09-23 17:58:25
486,2023-10-27 19:30:26
487,2023-09-12 22:33:38
488,2023-08-11 17:08:57
489,2023-07-30 14:07:33
490,2024-12-22 09:58:22
491,2024-03-31 14:53:37
492,2024-06-02 09:44:54
493,2024-10-19 13:16:08
494,2024-09-28 21:05:37
495,2024-02-04 11:41:49
496,2024-05-31 17:46:36
497,2024-12-30 19:46:51
498,2024-07-19 17:02:07
499,2023-11-18 10:29:27
